{"val_loss": [2.702324751281738], "val_acc": [0.3082], "loss": [3.4825496646118164], "acc": [0.29246]}