{"val_loss": [2.135711274719238], "val_acc": [0.3123], "loss": [3.217871836090088], "acc": [0.29698]}